model,language,avg_len,train_loss,dev_loss,test_loss
lstm__nl_2-es_128-hs_128-d_0.3300,eng,8.901119257637008,2.5237265722210336,2.5953226785888432,2.5955714096740903
