model,language,avg_len,train_loss,dev_loss,test_loss
cond-lstm__nl_2-es_128-hs_128-d_0.3300,deu,9.86197897789054,2.472541422368247,2.5884126108469574,2.5799793319572792
