model,language,avg_len,train_loss,dev_loss,test_loss
cond-lstm__nl_2-es_128-hs_128-d_0.3300,spa,10.239712237730282,1.8748540040164003,1.9559436527313532,1.9806360794140943
